customer_id,credit_score,age,balance,products_number,credit_card,active_member,estimated_salary,tenure,churn
1,557,41,36275.01046418658,4,0,0,123247.4516480753,5,0
2,817,45,12648.418359530373,1,0,0,32687.193862516655,3,0
3,578,65,35770.44409120805,3,0,1,147862.3690660445,2,1
4,332,80,85023.89296863883,4,1,1,49401.153681180185,5,0
5,559,61,33989.04807398948,2,0,0,142063.59019024624,8,0
6,387,50,14055.54247528068,4,1,0,142489.2938499992,3,0
7,440,54,116395.36857304389,2,0,0,26671.32926948499,7,0
8,492,27,91160.1068231371,1,0,0,79301.15252068726,3,0
9,707,80,186795.43161864928,2,0,0,61105.635300176866,5,0
10,792,44,120809.33689722259,3,1,0,128012.83831076648,1,0
11,753,30,113545.8007990197,4,1,0,90308.44354336662,7,0
12,452,69,23335.105171770203,2,0,0,96133.39126663817,9,1
13,798,67,84395.34477243706,2,1,1,23799.54561666957,1,0
14,776,21,209700.42002721684,2,1,1,127686.09989248574,8,0
15,772,66,78080.72158386941,1,0,1,120144.44553211716,3,0
16,506,29,99262.24683053112,1,0,0,76983.68786515889,4,0
17,345,19,80762.79105908796,2,1,0,101099.72269447062,1,0
18,360,23,239150.10561166645,4,0,0,31066.69363881392,5,0
19,524,70,213349.4595242566,1,1,1,124792.96818040145,8,0
20,754,24,37268.17890133016,1,1,1,25809.040474808236,8,0
21,584,54,126273.79759658985,1,1,1,68397.22202786081,1,0
22,409,32,206727.45720880767,3,1,1,121153.35290582516,9,0
23,560,26,184196.36876780808,3,1,0,66444.03683301159,3,0
24,563,23,215113.73551634554,2,1,0,37087.89637259093,1,0
25,728,76,69477.03729993018,2,0,1,44936.90511587003,5,0
26,545,86,24171.84773710404,4,0,1,80556.10848051289,1,1
27,460,38,140372.38817535364,3,0,1,31931.662453498197,4,0
28,824,88,69025.22288049053,4,0,0,58378.45145920346,1,0
29,741,45,198696.36780072263,3,1,0,148956.1801018087,2,0
30,493,43,127464.05433482728,2,0,0,41720.141323576805,1,0
31,829,52,46989.823374943975,1,1,1,122671.76140953178,2,1
32,837,58,220094.7558185338,3,0,1,114627.33478482957,9,0
33,475,84,9230.052951512691,4,1,1,115928.27161745614,2,1
34,558,22,47771.96708019068,4,1,1,48891.33237212668,9,0
35,764,33,69293.87633732229,2,1,0,133351.76379163784,7,0
36,843,89,147909.78849046546,2,0,0,28535.82408764066,3,0
37,305,80,146704.6180650244,1,1,0,148111.6003411736,3,1
38,789,34,14393.375957506061,3,1,0,56331.98295352055,5,0
39,560,45,75248.51774950179,4,1,0,82497.61065866154,7,0
40,502,48,192694.61511936682,1,1,0,81303.31854264875,9,0
41,551,81,142199.3091127394,2,1,1,50319.68069794275,9,0
42,472,89,151556.78329195615,2,1,1,89730.23578517616,8,0
43,383,86,149438.06117957263,3,0,0,116617.65592849813,2,1
44,519,77,208423.93588833875,3,1,1,130387.72376602369,4,0
45,817,61,156599.23560065022,3,1,0,146514.17919107445,5,0
46,536,61,241394.6386707276,4,0,0,145205.18575476957,3,0
47,597,83,151410.36457156492,3,0,1,51878.983457995084,8,0
48,395,84,106084.20467873545,1,1,1,86762.5146171164,5,1
49,685,65,37995.90718331317,4,0,1,134298.84494394652,8,0
50,585,84,244383.32385796966,2,0,1,70436.67866155447,7,0
51,467,56,83305.24770504955,4,1,0,124805.43285849232,9,0
52,659,32,31464.605789277095,1,0,0,137349.01429623977,9,0
53,707,75,94800.81270894455,4,1,1,38457.73643730678,4,0
54,522,83,149879.32479414405,1,1,1,116800.93846144437,9,0
55,453,60,124495.92366040038,4,1,1,149911.21980991983,1,0
56,846,54,194396.17761286502,2,1,1,43915.678478630296,5,0
57,416,43,53170.355608832266,2,1,0,63820.55974129441,2,0
58,776,77,68897.14820217859,2,1,0,144937.62472682685,6,0
59,788,58,7914.791986785991,1,0,1,143669.50808154925,4,0
60,532,44,218750.55844888135,4,0,1,72219.81374607299,8,0
61,657,60,17731.476962266344,2,1,0,79106.56747137701,3,0
62,789,85,80550.69249819832,3,1,0,31358.588390330995,5,0
63,596,34,42941.13011026299,1,1,1,98452.22218441614,9,0
64,666,34,1771.047516987867,4,1,0,34149.99682838433,8,0
65,343,77,64168.75659413887,3,0,0,80569.17174994462,6,0
66,357,60,101723.16883121686,1,1,0,27503.87386476907,3,0
67,758,24,191592.84894984722,4,1,1,84047.6135073721,3,0
68,717,53,159268.5852670499,3,0,1,68676.57615604543,9,0
69,815,76,161097.3948331509,3,0,0,84873.95954662983,4,0
70,564,85,92439.13722003446,1,0,1,49908.5642887773,9,0
71,444,82,111897.13393015089,3,1,1,147421.7351977987,1,1
72,844,88,122089.51159083517,1,1,1,42515.46261402707,8,0
73,602,83,20996.79858654077,2,0,1,136111.67633845765,1,1
74,509,29,138966.6708073373,3,0,1,46767.021706946274,5,0
75,398,80,10350.247260667938,1,1,0,28715.68293884824,9,1
76,638,21,70613.4002427962,1,1,0,63360.27068501252,8,0
77,407,75,227850.81953536463,3,0,0,141910.74701859226,6,0
78,806,19,213156.0623529709,2,0,0,40441.788186124184,2,0
79,637,39,168960.5709784483,4,0,1,47793.160369053076,3,0
80,660,55,28614.778439960188,4,0,1,61513.80149164974,4,0
81,633,75,188014.62701217373,1,1,0,26462.844548654626,7,0
82,464,72,107712.46755741487,1,0,1,106880.90078713144,9,1
83,558,27,198708.39304164026,2,0,0,95933.13406338115,7,0
84,849,75,42349.32976107886,3,1,1,140885.27072982054,5,0
85,385,56,102046.80767228988,2,0,1,22936.56266152902,2,0
86,327,80,28079.7645978626,4,1,1,79706.01576186437,8,1
87,572,51,100315.1480359166,2,1,1,102887.35005805857,2,0
88,451,78,16917.987518231814,4,1,0,138393.90958739773,7,1
89,364,37,79791.69985367448,2,0,0,121047.06139951272,4,0
90,509,44,225132.08245528903,1,1,0,146294.75035183557,9,0
91,586,25,171180.24245756533,2,1,1,40056.03135254765,5,0
92,511,51,66054.16488872717,4,1,1,31368.393006406768,8,0
93,657,86,65599.49508065982,1,1,1,26621.479464221284,2,1
94,409,34,245296.5620989158,4,0,1,45336.80390951592,8,0
95,379,34,222454.43766138342,4,1,0,34432.19644365189,6,0
96,302,63,73155.5989593545,2,1,0,37094.04578354601,5,0
97,596,58,223834.55591042445,3,0,1,122273.63603869863,3,0
98,847,32,131053.10580689686,4,0,1,85682.97074657289,4,0
99,509,85,78961.9592330385,2,0,1,35871.67744330529,2,0
100,778,31,131638.498303442,4,1,0,21601.221892565376,8,0
101,648,81,192133.0253650505,1,1,0,122286.3954981845,9,0
102,557,71,183376.02054459052,4,1,0,20863.29109238019,9,0
103,420,45,123509.06785401056,4,0,1,91641.23289307066,4,0
104,560,38,119198.5965193847,3,0,0,120515.22341084908,9,0
105,736,86,53673.6441912061,1,1,0,138085.85403084377,9,0
106,595,58,73881.31294695221,2,0,0,81466.03149109308,8,0
107,754,18,51480.63636960204,3,0,1,54628.75647933478,8,0
108,569,21,204782.7142258787,1,1,0,139010.4574671433,4,0
109,423,27,11097.994520807897,4,0,0,27553.304126579846,6,0
110,574,30,187030.10333387504,1,1,0,106789.33640649164,3,0
111,305,82,135679.48216835104,2,0,1,95980.68281850472,3,0
112,487,23,178416.9384933997,4,0,0,55769.24797055717,6,0
113,370,59,182369.11103356813,2,0,0,55201.72698305562,7,0
114,392,38,145461.78284005952,1,0,1,128227.0522178901,2,1
115,657,79,100633.9311313655,1,0,1,92853.16089583143,2,1
116,411,28,13835.96315236521,2,0,1,48053.4474110578,4,0
117,356,56,136977.74297124674,2,1,0,32571.196728849794,3,0
118,834,80,236900.79208448037,3,1,0,135960.61214886315,4,0
119,717,41,57527.09070772935,3,1,0,134597.06810702395,1,0
120,775,18,60919.13172960892,2,1,1,135362.75746675726,6,0
121,651,42,245678.93585092117,3,1,0,128535.09977599913,9,0
122,795,39,19370.185021217818,4,0,0,59133.68855948888,7,0
123,456,40,54695.36149697113,3,1,1,133186.98299104656,7,0
124,646,31,144832.37855077078,1,1,1,75219.80306959344,6,0
125,575,57,178983.7773320333,4,1,1,144303.00344406365,6,0
126,774,43,96932.47047988218,2,0,1,101153.11325252666,2,0
127,418,88,19366.58028867444,1,0,1,75344.72101097048,4,1
128,318,38,154290.16075693496,4,0,1,42178.09350156234,9,0
129,451,72,118290.68438171523,4,0,0,78195.47357717162,9,0
130,753,62,6618.272771467148,2,0,1,54624.47227831965,5,0
131,592,73,221846.9587535744,4,1,0,132074.80531754356,6,0
132,785,41,212616.20023797697,1,1,0,130877.53326630697,7,0
133,760,23,199720.89534261703,3,1,1,149667.27688734516,5,0
134,815,72,113089.24144603458,3,0,0,145353.72164414183,7,0
135,460,71,246041.55377237097,3,1,1,65050.65825823604,6,0
136,405,61,98736.77082983476,2,1,0,87410.54681511981,4,0
137,572,55,239011.43967713683,1,1,0,93347.95974407843,3,0
138,689,76,166698.76968586678,2,0,1,36902.911734171306,8,0
139,369,44,153286.75478191095,2,0,1,145195.17663481875,9,0
140,376,27,113119.10914008602,2,0,0,64975.27385177428,1,0
141,715,52,188495.42696385278,2,0,0,53496.25307075521,7,0
142,495,79,214263.92381204027,2,0,1,71496.66826341266,7,0
143,485,28,181214.88982891667,3,0,1,104641.18451665285,2,0
144,808,65,176591.3545507925,1,1,0,86360.70618685239,9,0
145,633,48,166662.65204292227,4,0,0,22463.80236631511,1,0
146,841,27,32938.65772449478,3,1,1,130542.67421558317,2,0
147,720,81,127116.68678529603,3,1,0,109011.12740687799,4,0
148,580,70,121892.0963304623,4,1,0,66949.55914629395,4,0
149,610,25,237809.83240797583,1,0,0,139739.11749232272,5,0
150,446,18,148482.43210741165,3,0,1,36967.25617482924,7,0
151,643,26,231197.88413006897,1,0,1,36876.33238896907,1,0
152,469,31,140760.20930159558,4,0,0,52978.69217302622,9,0
153,747,35,122998.8678110213,4,1,0,100524.43492885903,4,0
154,802,37,72569.72747589515,4,1,1,35281.50880811155,5,0
155,406,65,158897.8096709853,2,1,0,117947.02287571962,1,1
156,572,42,56361.06807591515,1,1,1,125110.38455138468,8,0
157,551,51,130609.11956697948,4,0,0,68131.18386684844,2,0
158,435,54,55951.959126567475,2,0,0,35472.77802964741,4,0
159,611,85,75486.20100102454,2,0,0,65218.70667112649,6,0
160,817,44,94545.77537498307,2,0,0,35405.910720650485,7,0
161,657,78,110462.95100474842,2,0,0,140568.48833118024,4,0
162,476,84,152881.17730703484,2,1,0,133803.81703458572,9,0
163,543,80,20933.15956787603,4,0,0,64851.51902705553,8,0
164,385,86,52384.691071482914,3,1,0,116185.78443835185,4,0
165,839,65,107734.36314431178,2,0,1,110445.50532049613,2,0
166,385,43,134272.23389797445,3,0,0,118603.70653632413,3,0
167,534,59,94659.34139904681,4,0,1,63054.425933770486,6,0
168,743,80,221913.5030471865,3,1,0,62793.83211943419,8,0
169,607,87,173236.35890949707,4,0,1,121795.70689224494,1,0
170,497,26,71976.0154897457,1,1,0,88568.55007611673,1,1
171,732,36,240502.7519779386,1,1,0,61788.090269075146,3,0
172,604,56,174789.1427306837,1,1,0,111098.77999147661,4,0
173,657,84,93507.46385809583,2,1,0,45280.00354078555,9,0
174,451,55,214658.5781724629,4,1,0,133725.2818389847,6,0
175,396,22,197763.17754503063,3,1,1,93740.13898235104,2,0
176,423,29,174312.61360272436,1,0,0,77233.79468410948,6,0
177,848,25,182378.840071261,3,1,1,30658.768956819684,4,0
178,332,60,62976.59629046851,3,0,1,91287.50937732348,3,0
179,480,18,8078.1167133126,4,1,0,126884.50376238808,3,0
180,738,86,210391.11904302952,3,0,1,24163.63257033148,4,0
181,308,55,116428.30019217868,3,1,0,59447.6615373392,3,0
182,799,82,15207.138794207931,1,0,1,77852.91212169325,6,1
183,332,40,196235.45761175486,3,1,0,126259.85427652327,5,0
184,550,61,81028.4745282569,3,1,1,102329.25103188874,2,0
185,849,83,162758.08373568603,4,0,1,96310.07808333117,5,0
186,613,56,164390.50398225777,4,0,0,104278.81341423093,5,0
187,753,22,223311.7452405129,3,0,0,96693.90015089046,7,0
188,480,46,148612.92411454243,3,0,0,122388.32242835574,8,0
189,300,60,198007.92133039318,1,1,1,149285.57966572462,4,0
190,332,65,182554.3832163404,4,0,0,119223.90005818257,7,0
191,739,27,160991.30111359654,2,1,0,141691.02715183533,1,0
192,571,20,181256.22757282038,2,0,1,56097.72706249699,1,0
193,688,69,123575.38798063669,2,1,0,129873.18072604889,2,0
194,646,28,52575.588988809985,1,0,0,71745.97648724436,7,0
195,815,46,202428.95169459065,4,1,1,63957.49351534206,2,0
196,708,63,223811.685529228,3,0,0,55990.90055071666,6,0
197,759,24,193689.87214286535,3,1,1,96259.28130953733,8,0
198,750,65,177875.03352642324,2,1,0,143359.81367257674,1,0
199,639,46,106938.67321247375,4,0,0,61660.00685725272,6,0
200,650,52,114616.78826923038,2,1,1,79822.04669452237,4,0
201,500,56,137307.22111870287,2,0,1,127458.62605266407,6,0
202,498,23,114482.93609874685,2,0,1,115172.45515624511,9,0
203,837,51,163524.07477672526,4,1,1,69373.93317027096,8,0
204,611,74,79766.22899239651,1,0,1,143771.66608219978,8,0
205,514,58,59327.50710984519,2,0,0,32631.124194028358,5,0
206,794,25,218942.6630688797,4,1,0,135647.38264529203,6,0
207,552,25,99046.75435664668,1,1,0,21500.408930921883,5,0
208,758,24,77003.57868938982,2,0,1,94080.3169989216,7,0
209,424,49,153814.5943929724,4,1,1,70038.52637637104,5,0
210,527,87,223799.7937330891,3,0,0,103362.20708461913,6,0
211,768,84,17873.197168595674,2,0,0,35054.91771250757,5,0
212,606,22,50225.52622200738,2,1,0,102348.42301188102,5,0
213,416,83,209545.34715592634,2,1,1,109581.71153695692,6,0
214,809,60,248754.16659928355,1,1,0,66765.73368378548,2,0
215,753,38,122418.12701621599,2,1,1,71127.12199651923,5,0
216,673,26,96642.86247287618,4,0,1,80639.44896882123,8,0
217,584,47,57321.18479112996,1,1,1,102059.1768945106,8,0
218,378,60,132578.49211134796,2,1,0,74192.38656454798,2,0
219,774,83,166147.00642421187,4,0,1,63177.35969487536,1,0
220,429,22,95129.1119628803,1,0,0,66026.85810938483,7,0
221,324,71,70798.5081276472,2,1,1,78521.86811284904,6,0
222,332,78,47603.31113490782,4,0,1,52454.36709907185,1,1
223,726,36,201207.88656554912,2,0,0,32139.027164406318,8,0
224,523,43,175183.8438012805,2,1,0,28093.17937377197,2,0
225,758,42,20910.665210647272,1,1,0,38758.610700421,1,1
226,340,50,149050.04608849573,2,1,1,123576.20150771881,5,0
227,747,36,244770.53871614602,1,1,0,36608.8771710912,3,0
228,308,86,185810.65318085704,1,1,1,38946.675418451545,3,1
229,390,73,210815.26818355388,3,1,1,116292.86995142559,7,0
230,640,34,237656.41081813947,3,1,1,106057.2454660938,8,0
231,825,24,179669.4469160044,1,0,1,48222.469675246815,8,0
232,735,59,227846.0957379041,3,1,0,145116.74791399488,9,0
233,486,66,73381.69455293189,2,1,1,83525.88235694381,9,0
234,844,53,7877.399265660722,1,0,0,24387.617412493826,8,0
235,350,76,39220.63044066123,2,0,0,78103.63510671162,1,1
236,467,61,175304.4928245891,3,0,0,103564.07255120954,1,1
237,776,34,114031.27601194705,4,1,0,99699.0794305077,9,0
238,450,73,33310.453671731106,2,0,1,41443.865711527746,6,1
239,539,42,38663.47989175015,3,0,1,86697.32594450407,6,0
240,380,60,58475.619417388356,2,0,0,116737.14278756474,6,0
241,517,54,177060.944241975,4,1,0,115395.06996815733,1,0
242,669,81,3145.8388727866604,2,0,1,121302.5974628719,2,1
243,595,30,176781.25007590957,1,0,1,89204.45517221678,4,0
244,343,84,146448.2659150451,1,1,1,32614.656667180847,5,1
245,781,73,204134.92444529972,2,1,0,125833.24705579325,7,0
246,503,67,198790.86922043562,3,0,0,30886.7562438347,8,0
247,511,25,109980.86076483502,2,0,1,118100.1955834554,7,0
248,369,27,95681.58923921033,1,1,0,109140.39898242675,1,1
249,646,78,121924.00422373653,1,1,1,127106.95199287475,8,0
250,333,86,50451.82251865196,2,0,1,135365.59220793954,6,0
251,565,55,228813.00284992188,1,0,1,94565.93990230617,2,0
252,658,77,99693.89134780485,4,0,0,79351.2445622564,2,0
253,333,58,111769.70113815826,3,1,1,24053.764799331224,5,0
254,834,68,231113.265249109,4,1,1,86296.51595427173,4,0
255,314,84,202137.46802848275,3,1,0,149440.1488674366,1,1
256,516,70,224300.55346728017,4,0,1,114389.71548468643,1,0
257,554,71,63852.75835945689,4,0,0,34494.586703355155,1,0
258,585,87,23339.660703318386,2,1,1,29988.13691721804,7,0
259,665,34,171527.96862551555,1,0,0,21879.46869047901,1,0
260,747,44,3653.5484208239377,3,0,0,125101.00239962363,9,0
261,647,51,113151.27566181263,4,0,1,74495.13131974408,2,0
262,394,46,191278.15697189432,1,1,1,129539.34136643664,5,0
263,475,22,178335.11309056001,4,0,1,144954.9705282391,1,0
264,806,62,233553.67534314582,1,0,0,149310.28771145025,4,0
265,399,60,146652.46147818922,2,0,0,102583.00357423244,2,0
266,339,55,174315.1990902448,2,1,0,27814.148345020265,7,0
267,493,44,74937.45251054704,1,1,0,88667.66645230797,8,0
268,566,45,216601.64937960324,4,1,1,49036.3529567575,2,0
269,330,23,208663.47946528377,3,0,0,79542.04758786854,1,0
270,646,72,233448.326663317,4,1,0,72649.95608261359,9,0
271,456,51,63958.41369931118,4,0,0,115672.21053883813,8,0
272,594,23,90899.45141591477,1,1,0,147833.72836699168,3,0
273,303,50,87248.17056261838,4,1,1,109353.6522325244,6,0
274,820,32,173772.66089624626,1,0,0,139202.1598459084,1,0
275,594,31,1828.779443144579,2,1,0,107518.65192680214,4,0
276,309,59,152595.79283148792,2,1,1,64769.3716057021,4,0
277,548,48,227035.41797290856,3,1,0,143490.40107641582,8,0
278,497,34,199481.11917495623,2,0,1,85365.04024391936,2,0
279,469,21,67776.99630009668,1,0,1,71873.0949025393,1,1
280,488,87,240895.39451974502,3,1,0,59509.44059296877,7,0
281,649,61,11774.608577978352,1,0,1,129759.9510706964,8,1
282,626,63,136013.7157393633,1,1,0,102642.88611451724,6,0
283,404,38,33873.72652691928,4,1,1,56047.82387176102,3,0
284,821,73,60149.87037366676,2,0,0,70114.42824543442,8,0
285,683,32,174891.58579319317,1,0,0,38454.8122955973,8,0
286,744,34,131227.12740717325,1,0,1,42894.09579171617,8,0
287,688,25,183767.41424336075,2,1,1,82904.98736360748,1,0
288,545,89,82468.15068107299,1,1,0,71761.46959399921,2,1
289,501,60,127460.85271809108,3,1,1,133835.82473797852,2,0
290,409,88,170166.49262047987,1,0,0,146843.38876638113,9,1
291,306,54,19172.004365690693,4,0,1,89428.38268658376,9,0
292,513,61,8495.400827918831,4,1,1,114030.40020611243,7,0
293,698,19,249134.3322063079,3,0,0,140547.69871341053,4,0
294,551,36,44613.70660956579,4,1,1,97076.89807921807,2,0
295,821,26,110382.25768085352,4,0,0,21040.726307198154,2,0
296,408,77,176513.57908940647,4,0,0,145859.4890020409,8,0
297,567,48,123842.73870834045,1,1,1,30439.101785343166,2,0
298,581,32,138896.872518624,4,1,0,136052.74807728903,9,0
299,688,75,114731.51805281578,4,1,1,34768.93830150193,4,0
300,788,21,224784.84268050137,4,1,1,117171.34866665248,5,0
301,394,33,141378.11791645075,1,1,1,87024.13457955995,3,0
302,453,49,128513.6646941798,3,0,0,149756.96479513653,4,0
303,792,43,148617.8124970146,2,0,1,119370.00099600347,6,0
304,487,39,174524.158979959,3,0,0,22357.848946333215,4,0
305,392,44,144200.26499105437,4,0,0,62420.35620217823,7,0
306,685,47,3540.2008316372526,3,0,1,33715.73677783419,6,0
307,798,24,103076.16193866232,1,1,0,25177.74602289206,1,0
308,600,59,162283.8619656742,4,0,0,98518.48237808011,9,0
309,627,76,232980.27490995268,3,0,1,50276.70706754262,8,0
310,684,57,91984.63920998368,2,0,1,126221.77458720475,4,0
311,471,18,110290.18548991528,1,1,1,59232.497178302045,6,0
312,332,81,181917.84914397736,2,0,1,138399.70846905722,5,0
313,799,34,45715.684680423416,1,1,0,114334.56706268378,8,0
314,420,24,145239.1361888484,1,0,1,134934.38896106672,4,0
315,622,84,221869.27079806133,3,0,0,57558.74628333618,8,0
316,813,47,225622.86861625355,3,1,0,99850.92041672,2,0
317,366,83,33048.37527336166,2,0,1,21860.535414804755,7,1
318,734,55,147097.80308513364,1,0,1,33237.8588221129,8,0
319,434,86,24384.735496282978,4,0,0,76275.65093830413,4,1
320,627,34,56404.0926794355,1,1,1,37842.020606160084,1,0
321,736,63,29940.39025679479,3,0,0,141460.68220914912,8,0
322,369,80,78203.64701404545,3,0,1,42346.015081826816,2,1
323,740,54,237784.94401446776,4,1,1,59189.37068281364,7,0
324,753,44,50767.1193159544,4,1,1,118943.70084611996,6,0
325,302,23,210163.0148725868,2,1,1,37294.6630543334,9,0
326,477,57,175250.21672132757,1,1,1,141099.79291136703,1,1
327,535,32,167725.0769612987,1,1,0,54850.477398712166,7,0
328,369,59,11390.120761524347,2,1,1,29899.79922723504,9,0
329,819,80,60530.67365332901,4,1,0,21724.823619187046,5,0
330,600,71,244974.58981065953,2,0,0,107883.57329842771,3,0
331,453,22,81161.37570167733,3,0,0,38963.66945173796,3,0
332,396,76,232828.19287263358,2,0,0,38424.8385195974,4,0
333,521,72,83219.37887375553,4,0,1,104618.69615709105,8,0
334,671,38,15293.488279001816,4,0,0,55137.33735267039,1,0
335,832,62,2572.2920034678964,2,0,0,80934.63287648614,4,0
336,396,54,96257.38221324787,4,0,1,149512.24650808214,8,0
337,687,79,220574.38974475084,1,1,1,45100.90076440238,1,1
338,305,53,60163.76050708758,3,0,1,114710.75991124903,2,0
339,638,50,50850.17391443985,3,1,1,68674.93686998231,7,0
340,751,70,102518.79939727951,4,1,0,149878.64530991338,7,0
341,412,49,43159.40938904667,1,1,1,60068.39603268852,4,1
342,775,76,144231.7781527265,4,1,1,28445.618839794402,6,0
343,494,45,223499.09919859192,4,0,1,22048.314111863932,4,0
344,849,31,221986.48826215282,4,0,1,31081.800776531836,2,0
345,309,72,215831.68505734066,1,1,1,121132.04193518679,7,1
346,418,75,92870.87530385135,4,1,0,29907.295100195057,5,0
347,379,85,165220.02141223685,1,1,1,73216.14919559621,4,1
348,309,82,104987.85528340879,4,1,0,115106.04897441347,5,0
349,607,47,45630.0509720014,4,0,0,115562.50789222636,9,0
350,635,50,210828.603180466,3,1,1,80678.22980224958,4,0
351,453,79,172621.62857320314,2,1,1,20930.030217464056,8,0
352,537,82,157263.71408322657,2,1,1,140888.09851057362,2,0
353,336,51,249617.2363831176,3,1,0,57813.71979264537,1,0
354,683,79,90996.0074289779,2,0,1,125795.82239975594,4,0
355,787,76,6721.38608738218,2,1,1,130006.41357819209,6,0
356,663,53,158012.81417918063,3,0,1,34167.56774969145,7,0
357,334,28,47277.70636766338,1,1,0,34877.91629322009,5,1
358,618,84,45211.98167545457,4,0,1,45744.44293773439,6,0
359,482,43,89071.07452845392,1,1,1,108862.76700422747,1,1
360,711,78,48943.5747630752,1,1,0,89009.32633852656,8,1
361,710,79,17790.034692604928,2,1,1,120950.62897873987,8,0
362,579,68,66648.0234208085,2,1,0,57652.831231702774,4,0
363,417,62,53053.20312342138,4,1,0,145829.35430561966,4,0
364,649,67,2615.8412758651716,3,1,0,100252.95060993129,2,1
365,553,68,88805.39476054793,1,0,1,149284.7923834643,4,0
366,538,26,95403.17151025249,4,1,0,76952.28685841749,4,0
367,772,28,236996.4812262063,3,0,1,28557.274554343436,3,0
368,593,23,37879.2316015423,3,0,1,107138.00254356048,1,0
369,469,84,27260.673220597746,2,1,1,69132.53667165819,6,1
370,782,79,61588.96213091178,1,0,1,29782.446573814646,1,1
371,656,30,229314.44374785476,3,1,0,140913.35961562756,7,0
372,745,37,184512.75832095853,2,1,0,102686.23334250606,2,0
373,735,43,134397.85008817262,2,1,0,38906.810667339945,9,0
374,372,37,1669.0677966743617,1,1,1,97090.80615738282,9,1
375,314,84,1005.3596077535809,4,1,1,131662.39431074884,4,1
376,735,33,163134.73543110234,4,0,0,97243.05004450178,6,0
377,636,37,18051.227239700318,4,0,1,141168.65127653844,9,0
378,451,64,108099.8372261163,4,1,1,79408.54271546801,9,0
379,611,58,55808.903854098455,1,0,0,26653.780187404558,5,0
380,628,26,87764.8197283648,4,1,0,71441.21752023714,2,0
381,476,28,6892.863693565343,1,0,1,93365.93000002856,5,1
382,649,38,22429.9886714025,3,1,0,37706.41436377412,5,0
383,693,59,82316.13981664357,3,0,0,72745.80724728809,8,0
384,478,77,211497.8856618928,3,0,1,147252.20782669203,9,0
385,720,37,149643.18221490146,3,1,0,81655.79038962988,6,0
386,364,71,199314.5477819255,2,0,0,136815.68943486817,3,0
387,403,82,126871.87457574692,4,1,1,108403.83496811581,7,0
388,465,35,170417.58986249787,1,0,1,71094.33287092269,4,0
389,767,44,236389.41420876957,4,0,1,21187.724370479627,4,0
390,594,47,56342.87745231839,1,0,1,85827.87330672378,7,0
391,408,22,172296.7026213233,3,0,0,129597.37829464828,8,0
392,611,31,83928.00445318202,4,1,0,110882.09808131421,4,0
393,620,44,129863.9443771864,2,0,1,148031.20628055575,5,0
394,667,45,211949.52640272686,4,0,0,33440.910636574095,8,0
395,425,66,90147.05376994173,3,0,0,64393.590454298195,2,1
396,745,46,178418.5179432992,3,1,0,87874.53038914173,7,0
397,498,47,74806.50305164407,3,1,0,107004.84881501805,1,0
398,844,69,204144.680911221,2,1,1,79622.66933554466,8,0
399,382,18,115758.21401867953,4,1,1,130226.13026664314,1,0
400,723,22,60569.594085650075,4,0,1,80906.82761790075,6,0
401,318,40,181753.7498177051,3,1,1,43649.15539582746,2,0
402,511,25,222308.09104842765,1,1,1,68320.88716078538,8,0
403,513,77,245469.49172684128,1,1,0,39748.19422266855,9,0
404,793,74,32287.65978630152,1,0,0,102442.15496494716,3,1
405,325,52,166344.67462586457,2,0,0,43933.09258478152,6,0
406,695,71,31945.76810080782,4,0,1,92419.05366193545,7,0
407,791,60,63522.964724232246,3,1,0,147999.57024019645,1,0
408,514,47,198099.0434263654,3,1,1,55863.67113485528,2,0
409,782,60,186564.6503365704,3,1,1,86717.1151281743,4,0
410,596,75,231821.95927976622,4,0,0,61325.62613650371,5,0
411,541,81,103650.73692249476,4,0,0,140747.18600944825,3,0
412,388,32,37087.11802757622,3,1,0,78441.08426774564,5,0
413,552,59,88914.02617534211,1,1,0,78688.32289373882,1,0
414,394,82,177381.92966720855,2,1,0,140747.2643698767,4,0
415,515,87,105978.75680046364,2,0,0,22682.76297209984,8,0
416,459,80,210197.469673595,4,0,1,66246.27081729367,2,1
417,508,70,151718.91326163613,4,1,1,64088.613245479,2,0
418,827,33,32000.05575640144,2,0,0,76756.78286857757,8,0
419,312,37,25516.87084831816,2,1,1,145597.07586156778,4,0
420,549,33,189240.3998238618,1,1,1,141308.3168461323,4,0
421,827,88,31335.476073168804,1,1,0,141056.84644979096,1,1
422,844,27,121549.6470396975,2,1,0,35941.37397456806,7,0
423,465,78,198755.29110106835,4,1,0,52971.52108045777,4,0
424,629,35,209030.16455391922,3,1,0,32131.00226443194,3,0
425,488,25,109742.22245060885,2,0,0,41059.764290948544,1,0
426,767,74,240473.4497151496,2,1,0,139701.22004778948,1,0
427,831,37,133930.65919580805,3,1,0,134558.1029651931,4,0
428,485,84,241783.83283174882,3,0,1,113610.63387966155,2,1
429,608,76,127725.34200758037,3,1,1,67277.17978696505,8,0
430,646,56,132655.93502513086,1,1,1,86431.79676787592,8,0
431,310,76,38940.182159370066,4,1,0,128512.40185199311,4,1
432,335,88,62490.204044397535,4,0,0,122064.40725278955,6,0
433,379,60,47352.552806062515,2,1,0,64970.3558677976,6,0
434,661,37,26644.148942157884,3,0,0,130812.4755600361,8,0
435,545,24,157676.401474064,1,1,1,64250.02793033408,7,0
436,576,80,231624.09563124974,4,0,1,114466.45905810215,4,0
437,664,71,247771.40863460072,1,0,0,149739.47315474317,8,0
438,486,78,246048.22813546358,2,0,0,144950.53928489616,4,0
439,706,64,203208.07177478692,3,0,0,34270.48806088151,3,0
440,582,52,185072.77917728623,1,0,0,118587.61816592097,6,0
441,726,39,179417.9308356781,4,1,0,22513.57411530725,3,0
442,846,63,112102.56657052695,3,1,0,98821.06842057884,6,0
443,829,63,14277.816973563728,1,1,1,148106.65638141433,3,1
444,707,24,80348.57475247362,1,1,0,29898.696412647252,6,0
445,398,88,247011.56555601372,3,1,1,62525.61434025729,7,0
446,320,19,215024.92920592974,1,1,0,25768.022212979526,3,0
447,823,35,61791.13327959204,3,0,0,114827.96437435831,7,0
448,789,41,14274.533475161556,2,1,1,113841.32162296471,5,0
449,712,63,178211.39943005517,3,0,1,52965.681385951684,8,0
450,714,26,67502.68187434063,3,1,0,80642.30070879456,5,0
451,708,57,232472.95859960432,1,0,1,133593.27363257873,6,0
452,774,84,38731.40279972359,3,1,0,58491.0452368418,8,0
453,315,83,114302.03758085558,3,1,0,116064.60463998864,1,1
454,647,51,219368.40471410574,3,0,1,102281.60938758808,6,0
455,747,62,12750.699602224635,2,0,1,137299.45958473894,4,0
456,313,22,223210.75842079776,3,0,1,84988.21763087866,8,0
457,501,75,166437.37919390516,4,1,0,51815.026701562136,8,0
458,506,64,239702.83678169106,1,1,1,119629.34922667223,7,0
459,308,52,215147.48827572257,3,1,0,42479.907961882,5,0
460,421,22,56862.845434497016,1,0,1,84330.32898149687,6,0
461,326,19,111235.32137536738,1,1,1,73556.12387955458,5,0
462,666,59,46552.08562106658,2,0,1,105923.94003074177,8,0
463,491,81,111644.09759691518,2,0,1,129059.4932740664,8,0
464,356,24,159476.7130260847,2,0,1,97159.98787088065,6,0
465,677,54,147682.48321940278,4,1,0,54495.8242363063,1,0
466,310,46,1406.4691708653709,4,1,0,104414.30390554245,5,0
467,682,25,140712.18683809726,1,1,1,146860.9244556558,6,0
468,452,83,6983.980622146252,1,1,1,147235.56175353396,8,1
469,642,70,171831.22773643676,2,0,0,90714.82013697203,3,0
470,472,62,87682.56960171234,2,1,0,50390.75733882449,1,1
471,464,32,113556.6686006124,3,1,0,50730.69934540792,5,0
472,748,59,34090.28197989211,4,1,1,120327.46109812679,3,0
473,389,59,156539.62588756622,4,1,1,76470.6670478446,4,0
474,602,53,188282.17462998893,3,1,0,51244.693487563694,1,0
475,673,84,150826.8038187665,2,1,0,103347.13238811513,5,0
476,478,80,96041.60705470193,4,0,1,81810.99616308836,4,0
477,764,25,60472.760303826115,4,1,0,52694.26192233972,1,0
478,411,36,1977.8306333027017,2,1,0,143402.31328957243,2,1
479,488,27,190887.54423397596,1,1,0,67316.2814430451,2,1
480,416,88,240023.13607342582,1,0,0,73602.64521710755,7,1
481,651,29,201917.22947470797,2,1,0,80604.67989182871,4,0
482,344,56,86400.81465928633,1,1,1,27403.4357041042,2,1
483,620,31,197045.7223761124,4,1,0,92003.68355954626,3,0
484,767,55,136276.801085177,3,1,1,109172.36877287159,6,0
485,303,33,19244.974740843412,1,1,0,29121.358655830954,9,1
486,568,83,13369.511195991307,4,0,0,20306.301868068098,8,0
487,353,26,117725.05609716571,1,1,1,117160.62592240711,3,0
488,831,50,142265.34676386902,2,1,1,85687.63354949447,9,0
489,587,23,237796.73973828912,1,1,0,147008.55086308124,1,0
490,448,57,173368.8729304819,3,0,0,124907.85202052587,7,0
491,325,35,184095.50829109867,2,1,0,112689.7675750637,4,0
492,504,57,182416.28396051752,3,0,1,34555.04096429265,9,0
493,688,65,213120.3645624791,2,0,1,69682.967022161,7,0
494,509,27,235027.07441349223,1,1,1,61644.65570447308,8,0
495,582,44,78260.5166283037,1,0,0,24808.55179268577,9,0
496,310,79,234648.15965380077,1,1,0,49310.16491619813,7,1
497,640,27,179871.72856329865,3,0,0,114626.13086812831,5,0
498,827,31,90279.01825303397,4,1,0,112218.9023172755,8,0
499,525,56,28795.536111011348,3,1,1,64651.62584635957,8,0
500,791,70,184188.16846823553,2,1,1,104000.62167684111,7,0
501,450,79,34611.965840146644,4,0,1,95938.10651391448,9,1
502,521,43,190731.58673209674,3,0,0,63564.8931821246,3,0
503,304,79,239702.90720441143,1,1,1,37310.21298398916,2,1
504,495,28,28855.598581084967,2,0,1,28644.27100846089,9,0
505,538,48,180673.85455693444,1,1,0,124846.23841565305,4,0
506,507,48,119908.07650691221,2,1,0,22220.33184171029,1,0
507,575,40,247218.10300332378,3,1,0,108052.1953657275,8,0
508,557,54,128862.12150618107,3,1,0,32504.212383612437,9,0
509,803,74,230555.38378483558,3,0,0,83280.5089156521,7,0
510,375,39,103541.28639644792,4,0,1,26356.364863543655,9,0
511,365,51,45352.44896916288,4,1,0,115729.11052996853,3,0
512,429,20,10907.439985760491,2,0,0,89447.76396065037,5,0
513,745,22,160232.85652145717,1,1,0,57624.43969400656,1,0
514,584,63,183868.35840867469,1,0,1,29728.253770650772,4,0
515,785,81,58008.290973905336,2,0,0,84694.25766858761,3,0
516,787,42,200183.0624110005,4,0,0,48059.01707398203,5,0
517,614,70,135122.07765043253,4,1,0,140245.5950694879,4,0
518,464,32,201640.204566675,1,0,0,103971.45998483739,9,0
519,723,66,224856.5900210286,1,1,0,72706.08886988688,7,0
520,673,66,229735.81031713064,4,1,0,112209.69551443981,2,0
521,377,86,10446.751401492287,1,1,0,82073.54040818548,8,1
522,638,58,27171.569197489338,4,1,1,38096.05460421781,1,0
523,403,83,147562.48530935918,3,1,0,54802.083462288894,7,0
524,574,37,114703.45366306267,3,1,0,125355.69804599918,1,0
525,849,76,17271.06896384087,2,0,0,64989.67276489648,1,1
526,431,62,126095.17663420885,2,0,1,44715.73163631148,4,0
527,682,65,18589.57392745916,3,0,1,130859.0643780205,4,0
528,326,56,222339.55012833758,3,1,1,85856.6310248561,3,0
529,461,67,26467.610135244955,2,0,1,102341.65047079138,8,1
530,409,73,167833.93607699103,3,0,0,29841.050486196436,7,0
531,497,40,8703.089098778428,2,1,0,83462.99306257765,3,0
532,526,43,135956.3379072276,2,1,1,148985.49761276325,2,0
533,765,68,28204.080213169225,2,0,0,141338.7388461748,3,0
534,657,75,206421.4087153769,3,1,1,135861.42699160072,9,0
535,730,87,39968.7926552636,2,0,0,142106.80794919218,2,1
536,692,88,89773.65331873613,2,1,0,105752.20630548635,8,0
537,381,71,70608.76437927551,4,1,1,86696.98232477802,3,0
538,432,23,93202.33160115787,4,1,0,83321.61994096354,8,0
539,779,30,248238.8032593456,1,1,0,24800.048919968744,8,0
540,362,83,43538.611415246814,1,1,0,144855.65723300315,8,1
541,482,65,128440.32328210078,3,0,0,127032.85634255488,3,0
542,446,45,195775.09327108058,1,0,1,133576.99003591368,2,1
543,452,19,161644.8765915996,1,1,1,146815.41191741853,2,1
544,568,31,7402.504970900614,1,1,0,25408.74441118443,8,0
545,722,81,204236.0540215375,2,1,0,31709.243977362974,1,0
546,447,38,34442.62086884215,2,0,1,35429.01412980904,7,0
547,410,28,63886.65964366891,4,0,1,77970.99293009075,7,0
548,586,80,85051.90860800658,3,0,0,31682.714111179856,6,0
549,637,25,216027.1889332506,4,1,0,47987.60852364343,2,0
550,385,52,155386.82218408355,4,1,1,134520.0214815635,5,0
551,550,27,122505.99705099124,3,1,1,56609.279048156604,9,0
552,339,25,5775.829755667261,1,0,1,63571.064882970735,6,1
553,353,70,220627.66113886095,4,0,0,52126.81309831928,8,0
554,803,70,205553.2697363259,2,0,1,116208.1153451929,5,0
555,642,42,224782.09868819718,1,0,1,121903.87657023604,9,0
556,371,30,46843.9283925873,1,0,1,34087.519142598336,3,1
557,801,88,198437.37521356888,1,1,0,75748.88106037602,7,0
558,629,55,42224.85838539911,1,1,0,94740.53436739296,8,0
559,510,26,126091.8332535989,3,0,1,55281.53274649319,3,0
560,523,83,31055.90618188231,3,0,0,67623.5015899066,2,1
561,799,41,183745.4019776937,4,0,0,64159.379234974105,3,0
562,539,73,6943.236571884726,3,1,1,43744.53703213966,3,0
563,800,39,100187.49823224497,1,0,0,70671.10041163873,8,0
564,570,86,102418.87664266805,4,0,0,138641.3847126871,1,0
565,678,49,39754.049290396746,4,1,1,96285.20680304775,9,0
566,496,55,200010.05987760055,4,0,0,34152.071817157645,8,0
567,697,38,133915.74862696708,2,1,0,72975.35819355765,7,0
568,840,33,119524.16683464551,2,0,1,125839.79053991969,9,0
569,378,21,227709.62800222496,3,1,0,133522.8160298082,4,0
570,488,69,149016.6798688736,3,0,1,70478.53650787537,2,1
571,571,21,103129.01868718829,1,0,0,144448.49101485085,7,0
572,780,87,192734.61349095413,2,0,0,75468.9149921341,7,0
573,326,31,110542.48875566706,4,0,1,96713.59698169754,1,0
574,335,73,134068.48970024998,1,0,0,120785.0627150778,7,1
575,598,77,74799.40567676502,1,0,0,105445.011888331,2,1
576,575,44,30381.218965979035,3,1,1,89031.93425721128,3,0
577,773,49,178378.1529051716,4,1,0,35754.08794450818,3,0
578,501,25,131684.4040611296,2,1,0,74585.19993955188,7,0
579,608,38,73591.87189551194,2,1,1,148321.98078424996,6,0
580,376,87,238187.11543899562,4,1,1,31815.18867372245,6,0
581,347,45,31471.11417340265,3,0,1,143932.59797756549,8,0
582,666,77,121511.82808362396,2,1,1,85084.57733375487,7,0
583,634,34,209799.5742813175,1,1,1,67065.03376421801,4,0
584,628,47,200769.39642045865,3,0,1,36597.84417704005,7,0
585,357,71,195757.64249300666,4,0,1,62257.63299790383,8,0
586,793,73,73776.45474753722,2,1,1,117400.09284605633,8,0
587,710,62,116334.84723263685,4,0,0,90507.00392154028,4,0
588,446,25,170123.88687934706,4,0,0,69144.53656702314,2,0
589,346,81,197321.61150803856,1,0,0,129663.34762239961,8,1
590,606,37,188812.89412140756,1,1,1,99044.69510969834,2,0
591,602,36,19897.037437978634,1,0,0,138161.39634499224,4,0
592,708,68,123138.97906060217,3,0,1,74626.93802120311,2,0
593,379,65,166626.0780433366,4,1,1,108526.35996938948,9,0
594,534,70,198137.83939600416,4,1,1,98199.24978596834,4,0
595,715,76,143634.94870304846,4,0,0,47738.79083961186,8,0
596,496,52,47284.441763068644,1,1,1,77239.20076832818,9,1
597,675,66,186865.7247528379,2,0,0,41890.47330242162,2,0
598,368,53,158919.96432641023,3,1,0,84183.89420973326,3,0
599,586,84,175075.5320890426,2,1,1,32953.44980371458,4,0
600,700,75,95732.64046942978,2,0,0,47612.10838375669,5,0
601,322,81,199966.9556474725,3,0,1,53545.0737018541,7,0
602,506,47,189235.01465561267,4,0,1,27480.173739325648,7,0
603,689,48,35282.87941646,4,0,1,43081.524522437,6,0
604,453,71,81761.44732515034,3,0,0,38543.97038526095,5,0
605,736,41,59647.45750358516,1,0,1,149508.0832543231,9,0
606,383,34,186967.27244663113,3,1,0,40903.44008017176,8,0
607,806,39,191936.0903858971,4,1,1,143800.7778860315,5,0
608,670,36,51630.11129766873,1,0,0,66473.52502841913,5,0
609,845,41,180030.74449998024,2,0,1,97983.70028310994,4,0
610,670,55,31552.49971846652,3,0,1,86405.80577501896,9,0
611,729,20,212708.77663840243,2,0,0,87009.00659859007,5,0
612,531,45,236507.80262641973,2,0,1,125443.57998742974,6,0
613,315,83,84269.59827717594,2,0,1,49719.48188385745,7,0
614,386,43,83465.38403100625,4,1,1,59237.891510184985,1,0
615,597,28,54054.60181788119,4,1,1,102020.72401050324,4,0
616,757,63,171528.2977197789,3,0,0,134759.6064964069,4,0
617,344,89,96832.82698658522,4,1,1,37953.26172939202,1,1
618,685,53,143237.18906032437,2,1,0,109137.8825643369,7,0
619,678,27,81357.30804303745,4,1,0,111087.1979817539,9,0
620,445,79,51528.819108299176,4,0,0,33904.68150586166,2,1
621,423,34,75669.43676643411,4,0,0,106293.80111555062,4,0
622,463,77,66155.37913265813,4,1,0,30014.860838454006,8,0
623,512,36,246867.9017109742,2,1,1,110837.16376015013,8,0
624,644,30,91068.35705733532,1,0,0,53476.197021926346,8,0
625,504,59,31234.810578905675,1,0,1,72713.02651201768,3,0
626,525,64,159298.4867598928,3,0,0,52408.14408379523,7,0
627,601,19,111936.76759494057,2,0,0,134769.7379937155,7,0
628,316,39,64935.13512706065,1,0,0,30513.932293158232,6,0
629,453,59,141041.81129668065,2,0,0,61340.74049730728,5,0
630,623,64,171792.15838470584,2,1,1,31889.58167573206,9,0
631,506,72,37963.038816745175,2,1,0,78530.48876483855,7,0
632,753,31,182780.4379153615,4,1,1,110931.38619369864,1,0
633,474,83,20518.07567033492,4,1,1,73930.96061741866,2,1
634,798,67,69896.52060343935,3,0,0,22907.490589810797,4,0
635,316,55,51421.55692853195,2,1,1,144093.15764230286,6,0
636,444,24,209421.1205098549,4,1,1,45277.6205469643,2,0
637,344,85,135285.46669771455,4,0,0,63259.268444568836,9,0
638,793,39,134084.7389289208,1,0,0,77875.48203040278,8,0
639,304,41,238661.7736012204,1,0,1,74519.1154038881,2,1
640,725,26,192720.9486412539,4,1,1,113656.71799826765,4,0
641,689,56,43020.64912810569,1,1,0,110753.1903137124,1,1
642,810,43,29692.253984907435,2,0,1,127406.78557898792,9,0
643,686,88,122876.52030511251,4,0,0,145080.01775353536,4,0
644,784,77,146868.13449978794,3,0,1,59702.18706960479,3,0
645,311,33,216062.25361025956,3,0,0,68505.07252812087,8,0
646,682,72,134232.0026103289,3,0,0,53105.00761125391,9,0
647,815,56,67414.03893436879,1,0,0,50842.9869564401,1,0
648,410,74,195683.2978026048,2,1,1,111046.4661111332,1,1
649,313,66,69493.04905706822,2,0,1,66906.84245176175,8,0
650,318,63,176970.13753117,1,0,0,33508.054015603746,9,1
651,483,42,88855.2587667254,1,1,1,29911.800803244994,8,0
652,748,35,59443.56748284071,2,1,0,115683.83869007077,2,0
653,776,84,6829.172722486843,4,1,1,97589.42828382639,2,1
654,603,87,129069.68545925754,2,1,1,136027.62916985928,6,0
655,600,28,131248.92725125558,3,1,0,80401.16491466129,2,0
656,767,81,245554.2969012286,3,1,1,73083.25431172493,4,0
657,545,71,39771.47965221709,3,1,1,130177.36639366338,7,0
658,742,53,42756.45247982712,3,0,1,112878.71641746211,8,0
659,425,57,120964.22702386067,3,0,0,131015.1996382571,2,0
660,382,88,129854.8736450916,3,0,0,137243.46835996467,7,0
661,531,55,183999.8928192586,3,1,1,36339.56352539492,7,0
662,300,19,120287.43324400332,3,0,1,59992.59717473538,1,0
663,469,22,214002.38923320695,1,0,0,103945.62779261734,1,1
664,613,73,161026.79937435949,4,0,1,83928.65249146348,8,0
665,307,59,32381.395516793087,1,0,1,119176.82119228439,2,1
666,467,50,161927.57815337015,2,0,1,109667.95701508605,7,0
667,774,89,133923.32122213164,3,1,1,112257.220931002,9,0
668,788,41,206315.76711059504,1,1,1,97129.94308922577,7,0
669,437,27,39707.318032405296,2,0,1,24150.39605034874,6,0
670,328,53,27827.631300154226,4,1,1,103179.91445464907,6,0
671,528,66,43825.780528821495,3,0,0,36076.61413006902,6,0
672,509,31,108089.2327851057,1,0,0,78086.56793625497,6,0
673,373,76,169393.683503736,1,1,1,135886.1903613996,8,1
674,832,77,232807.07099002908,1,0,1,111286.43644237502,1,1
675,564,72,180088.12354557702,2,1,1,128815.2812131324,2,0
676,464,36,125031.86888676949,2,1,0,92443.2976236689,8,0
677,435,70,112154.99934885875,1,1,1,50544.86334857832,6,1
678,832,52,228369.73506455187,3,0,1,103073.23025795571,8,0
679,302,52,39874.16423435644,2,0,0,149554.31491251226,6,0
680,838,19,139689.95650322063,1,1,0,51559.18323469178,5,0
681,494,52,194506.20049249943,2,1,1,66220.87848735374,2,0
682,812,69,169938.30920255146,1,1,1,130292.27949483576,7,0
683,774,20,232125.68896018623,3,1,0,122217.4352524517,3,0
684,413,55,134575.30840196626,3,1,1,125304.55978665588,7,0
685,732,66,25300.905701196418,1,0,0,31841.917060336295,3,1
686,504,66,233617.6339043711,1,1,1,143829.25343137386,7,0
687,472,79,232244.12208919827,4,1,1,102043.60992225047,7,0
688,557,51,50311.03441861076,2,1,0,77627.72142530677,2,0
689,350,34,48266.86107857744,1,1,1,22823.978228969285,8,1
690,630,82,92326.75745471608,4,0,1,48220.7206979863,2,0
691,822,42,121865.05899193118,1,1,1,26432.768267687992,3,0
692,558,44,45993.03687696554,3,0,0,20753.706076228045,5,0
693,614,79,234849.22923937422,4,0,1,134195.87644932844,8,0
694,303,66,20271.225105634396,1,1,1,82280.72401824417,9,1
695,575,54,116528.88891480736,1,1,1,116770.12825347496,5,0
696,692,19,1247.1701645861144,4,0,0,40433.37159572088,9,0
697,472,60,36195.698841242076,3,1,1,115597.15190701104,4,0
698,573,47,38576.01760485127,2,1,1,101946.77878221952,4,0
699,449,36,24620.902069031585,4,0,0,133435.74970590076,2,1
700,401,78,37580.975861312785,1,1,1,20365.283398560685,1,1
701,591,69,23320.395409858225,1,1,1,45156.47285514559,4,1
702,581,36,133427.56043250224,3,1,1,102752.89091646025,5,0
703,591,27,85448.02105222024,1,0,0,72698.53017824446,8,0
704,347,39,70707.85354009524,4,1,0,99385.12059794037,5,0
705,575,31,91567.57168781165,2,1,1,95837.32828796878,5,0
706,470,65,32097.58498450474,4,0,1,71919.8623764446,9,1
707,713,69,91349.86293820011,4,1,1,46220.380623548,3,0
708,773,87,98786.91329186579,4,0,0,32638.543994230044,3,0
709,352,46,178128.85990160579,3,1,0,74781.76091590826,4,0
710,390,49,96006.25726657866,2,0,1,133729.00818910368,6,0
711,586,88,87073.15613777819,4,0,1,108433.81182228694,3,0
712,375,81,223582.950489761,2,1,1,84437.25864281188,7,0
713,694,76,68562.21218051593,4,1,1,81164.92828791401,6,0
714,330,47,141038.82799210714,3,0,1,119818.07286665021,7,0
715,382,21,16149.673870078874,4,0,1,96860.51476743945,3,0
716,690,71,3087.6096604905147,1,1,1,58625.528127195634,1,1
717,455,48,154446.64441876786,4,1,0,62968.48563723176,6,0
718,790,52,152569.0814000075,2,0,1,54220.52867039502,2,0
719,711,20,174166.88743478386,4,0,0,56325.852527367475,3,0
720,701,44,71663.65448198353,3,0,1,79778.93423482805,6,0
721,723,87,198228.2455127967,2,0,0,80643.52169129136,7,0
722,592,47,47156.674992601846,4,0,0,25999.593160111104,8,0
723,779,39,170242.73248669127,3,1,1,86296.51312615785,8,0
724,514,31,73437.73997606881,1,1,0,118656.54133623381,2,0
725,332,20,227209.24400849195,4,1,1,137484.625479114,9,0
726,612,60,217940.80744305043,4,1,1,128418.30852286043,8,0
727,307,19,20582.14576217865,3,1,1,93219.0422277041,8,0
728,645,44,242407.59860496593,1,0,1,122211.65174637966,6,0
729,626,40,171462.2569631703,1,1,0,145490.14892176876,1,0
730,783,53,11470.911113101889,3,0,0,83943.96780283115,6,0
731,710,78,191635.19772720715,4,0,0,57453.438746542764,3,0
732,502,22,98971.23021888282,3,0,1,126208.7492661238,4,0
733,662,36,170505.2092034542,2,1,1,25004.58989997906,4,0
734,543,25,243660.92912980844,2,1,1,121532.39870927123,4,0
735,320,37,11472.39059143157,4,1,0,36266.69083107448,6,0
736,542,55,234179.81337699736,4,1,0,120427.46548732878,5,0
737,618,41,129861.50321642515,1,1,1,28736.55696438961,8,0
738,597,53,44118.64963704015,3,0,1,87269.54082794877,7,0
739,764,66,84685.49032447014,4,0,0,115711.5094747929,9,0
740,354,40,247346.5068336677,1,0,0,142646.99962972832,9,0
741,659,22,9999.292662997816,3,1,0,24083.258612914375,3,0
742,738,70,153042.65423261118,3,1,1,135929.9669944052,9,0
743,577,81,62839.89583477964,2,1,0,127399.58967821082,8,0
744,328,60,46279.3943564595,4,0,0,85603.67885624937,1,1
745,721,89,226477.38581794573,1,1,1,100632.53917961853,2,1
746,447,30,134806.99983536615,4,1,1,59221.732823182894,7,0
747,672,23,37385.39573800803,4,1,1,84911.35590271183,6,0
748,400,38,68204.4178821612,4,1,0,82740.58953749712,4,0
749,693,86,63833.487326693554,3,1,0,116734.8926609359,6,0
750,715,35,62600.55976123199,1,0,1,57774.45754465065,6,0
751,514,39,195959.6164621842,2,0,1,91373.78378735115,2,0
752,569,43,154946.98187800974,4,1,1,61165.89663521154,5,0
753,423,76,159044.15869574706,1,0,1,127480.29444237037,8,1
754,323,19,68938.40443457791,1,0,0,32384.68960397695,8,0
755,507,70,214666.8883880882,3,1,1,37147.159532616795,5,0
756,822,74,64828.71537261539,2,0,1,47014.01987738345,7,0
757,410,78,5847.490198777894,4,0,0,146094.70653972967,4,1
758,704,23,176672.03717428498,1,1,1,134458.81310227473,5,0
759,589,25,85440.93847825019,2,1,0,37383.06616797377,3,0
760,586,80,158493.0217388711,2,0,0,133970.14224631124,7,0
761,748,82,206625.66986098108,1,1,0,103064.0365044223,3,0
762,321,72,164033.5168940732,2,1,1,101506.73658523428,2,1
763,712,33,194742.9802335869,4,1,0,37021.728573048975,8,0
764,589,46,172726.62084480486,3,1,1,92880.2707466239,5,0
765,681,44,67918.72168843723,1,0,0,51959.09111298154,8,0
766,301,59,132969.0698728133,1,0,1,31847.23870399024,8,0
767,376,36,62591.24489570797,2,0,1,60333.470500452146,7,0
768,515,74,17411.43650027757,4,0,0,89164.51581068832,3,0
769,825,85,124165.57989277015,1,0,0,125578.0352233075,8,0
770,327,89,224862.25740340073,1,0,1,78176.50422759369,1,1
771,520,36,238045.5521075472,4,0,0,106285.50601457828,9,0
772,627,84,18996.977377180257,3,1,0,61244.28130098146,6,0
773,563,38,57599.5085997616,3,0,1,31266.05221784688,6,0
774,477,84,116778.43661667145,3,0,1,108896.12825811405,5,0
775,533,46,104552.30972769344,4,0,1,103372.43680905215,1,0
776,612,59,75593.37620658202,4,0,1,148819.36313477063,8,0
777,357,45,213201.8569065955,2,0,0,20598.046713653228,5,0
778,537,86,61292.43537220572,3,0,0,78870.17230676253,2,0
779,418,55,221262.95262413402,4,1,1,47061.0977737416,5,0
780,399,65,123899.48070523457,1,0,0,138398.59031407762,1,1
781,421,35,16891.97160202083,3,1,1,72121.35227106322,4,0
782,385,63,23865.437713823518,4,1,0,71716.6238648752,8,1
783,486,41,120508.10865023844,4,0,1,129446.74876839694,9,0
784,831,50,30646.331250941905,4,0,1,55430.47189592618,2,0
785,516,23,64988.52221854393,1,1,1,32785.14527078103,2,0
786,618,53,4354.21307071085,3,1,1,57919.553033367505,9,0
787,838,86,190699.18005225848,3,1,0,52294.30435905352,7,0
788,617,74,236735.2482395994,2,0,1,112559.35782931953,9,0
789,506,84,48035.0810759087,4,1,1,119000.16478471398,5,0
790,808,77,77106.85191430042,1,0,0,148340.62909133278,4,0
791,539,62,173009.91134047974,2,1,0,102817.15767745761,3,0
792,525,80,49284.93169938053,1,1,0,32111.950066472156,2,1
793,485,44,185827.2296419072,2,1,0,120611.30753352096,3,0
794,419,73,58344.110911755924,1,0,0,107950.70672276856,4,1
795,709,37,35081.790535653075,3,1,0,116361.22256192168,7,0
796,775,71,54827.95339580063,4,0,1,91901.5080406592,4,0
797,810,34,199209.4987001594,3,0,1,52830.94376576046,2,0
798,609,51,60280.56444804405,2,0,1,33156.9644240233,7,0
799,754,39,67172.13308192571,2,0,1,45444.19928069846,3,0
800,376,81,144292.93942738377,1,0,0,61372.33635509422,5,1
801,684,67,223252.9256737532,2,0,1,79327.02482395273,7,0
802,462,64,24235.227674819253,1,1,1,61814.89400145812,2,1
803,526,67,98783.9832393165,1,0,1,125501.97699101656,4,0
804,522,56,18640.6342401331,3,0,0,47208.54881152567,9,0
805,617,49,84069.08253795284,3,0,1,47990.24697521601,9,0
806,657,40,25578.815788415253,2,1,1,25821.858246755706,4,0
807,807,66,247283.40122648753,3,0,1,71956.11903549045,2,0
808,841,86,35289.725533313525,3,1,1,59332.692512574904,3,0
809,763,58,47737.105591275504,4,0,1,80955.29389903034,4,0
810,457,43,33852.32271972136,2,0,0,130901.78189868723,3,0
811,306,37,168090.31816083635,4,1,1,58588.315500400124,2,0
812,720,81,105831.6889944377,1,1,1,90062.35454077358,4,0
813,666,48,229598.08019830892,2,1,1,136911.38021537615,6,0
814,339,20,229741.9562710546,1,0,0,145926.03412644303,2,1
815,397,85,176459.24874502435,1,1,0,53394.2574744626,6,1
816,430,77,77820.73475253093,1,1,0,144912.7356416465,2,1
817,846,30,100955.06559520384,4,0,0,36712.077065674704,7,0
818,829,70,10431.545724345404,2,0,0,47991.638912796756,8,0
819,549,33,89415.9396828218,4,1,0,77642.22878202546,5,0
820,755,44,50040.488984976735,4,1,0,140652.0726091597,5,0
821,426,47,245597.2096968502,2,1,0,74351.96200363847,6,0
822,700,30,98068.77558057592,1,0,0,128470.22865137202,5,0
823,534,71,134693.95336152468,4,0,1,55558.625758968985,4,0
824,367,70,180982.30058669188,1,1,1,72520.37237705162,9,1
825,626,25,105302.0340482742,4,0,0,80990.48692367875,6,0
826,814,37,203316.28812290344,1,1,1,73102.20959535424,9,0
827,648,62,107172.90245520527,2,1,1,118462.11636534019,1,0
828,485,77,54489.39767136371,3,1,0,93574.85325220546,5,0
829,710,30,248832.35433741775,1,0,0,117536.02387399884,5,0
830,460,60,185927.02897908862,3,0,0,85129.0060295292,5,0
831,308,57,11514.849960783919,2,0,0,116963.83957220709,3,0
832,601,83,23514.039937816422,3,0,0,69153.25220079577,5,0
833,385,18,244429.4574878217,3,1,1,102408.43853465721,1,0
834,757,25,56621.881518775146,3,0,1,120054.19298073766,2,0
835,466,66,131229.1730813282,1,1,0,61660.50392302979,6,1
836,576,46,24738.558426302156,1,1,1,56640.506767090985,9,0
837,753,18,84584.50523645144,2,1,1,76809.52638124942,8,0
838,359,66,237032.98636281618,2,0,0,96175.88598028364,6,0
839,464,86,173178.10801825943,1,0,0,87615.7323726961,8,1
840,769,63,61547.370719438,3,1,1,32351.138865938294,5,0
841,605,24,149092.55596239684,4,0,0,85081.61317707393,1,0
842,354,31,211789.0364655575,1,0,0,60284.48970917304,9,0
843,751,80,193518.55054467826,1,1,0,97186.96812387207,7,0
844,590,48,103980.90075880765,3,1,1,51656.268621675204,1,0
845,698,86,97040.50660060765,4,0,1,115639.94934561309,4,0
846,372,88,20768.506239652736,3,0,0,32900.00128624837,2,1
847,356,80,203598.31647377933,1,1,0,49082.71348040347,1,1
848,531,30,196976.8415117072,2,1,0,98578.19871893845,5,0
849,620,87,167408.9206020354,2,1,0,114094.60798103243,2,0
850,682,39,174328.40555753492,2,0,0,138709.42896414705,9,0
851,764,77,124739.85300876039,1,0,1,97253.39149415681,7,0
852,395,63,18084.455628523287,2,0,1,82809.68680158074,4,1
853,745,80,31381.672544461726,4,1,0,54387.695484089534,7,0
854,394,44,159713.50446278127,3,0,1,65769.26211590733,1,0
855,748,73,154374.66434643342,3,1,1,138827.99115226307,9,0
856,843,47,156893.66766304243,2,1,0,69677.21058400828,8,0
857,478,23,97866.73579975513,3,1,0,60282.677818689335,6,0
858,343,31,141360.21584564517,3,0,1,77553.92028494629,1,0
859,462,49,4432.563794987743,2,0,1,95055.33573873331,6,0
860,401,29,183159.67409584715,3,1,0,31568.688943875193,4,0
861,592,22,200555.26604126804,3,0,1,121684.72893559391,1,0
862,473,18,74596.64488245841,1,1,0,110436.33931676239,9,0
863,658,85,75522.43522262578,1,0,0,102821.44575477822,6,0
864,636,61,80349.5350901142,3,0,0,94887.27643531407,1,0
865,621,76,42271.02833163634,2,1,1,23678.487118604055,6,0
866,436,42,182067.37809412644,1,1,1,128124.5781092237,9,0
867,582,70,21798.08115617632,1,1,1,129214.9219784336,1,1
868,416,35,154966.7176155306,3,0,0,77442.96783492065,5,0
869,667,69,145871.12491895945,4,1,1,30494.99184335438,4,0
870,473,42,111190.477332188,3,1,1,71241.40487201183,7,0
871,637,74,184733.74843612977,4,1,0,140273.9414157198,6,0
872,347,76,196074.95222621033,4,1,0,20631.45177078234,5,0
873,402,20,133966.29779388834,4,0,0,147685.2047992117,7,0
874,781,87,68584.9170194908,3,0,1,71057.72485492752,6,0
875,332,43,147486.49870865344,4,0,1,41854.60873092488,3,0
876,441,72,104159.44433539965,1,0,0,21544.723778190935,5,1
877,516,70,102276.7000159012,3,0,1,66317.78899920639,7,0
878,824,63,209868.25965112023,2,1,0,70181.52734589265,6,0
879,707,32,110658.06063930328,4,0,0,56451.12320507124,2,0
880,789,80,238739.73600124533,3,0,0,120340.13971942027,4,0
881,728,83,223421.1535735632,3,1,1,64698.05581250001,8,0
882,332,38,77693.62135015137,1,1,1,125517.82871705282,2,1
883,444,24,154896.4165232047,1,1,0,21122.38791150713,6,0
884,588,22,79311.24167580692,2,0,1,47459.71368785588,8,0
885,522,50,234062.0112016041,2,0,1,23820.399418311656,6,0
886,667,34,108287.06686147407,3,1,0,104781.68878938834,8,0
887,734,18,114069.89588897748,3,0,0,131865.87211317522,5,0
888,622,64,25536.023092157717,2,1,0,29773.44867296298,8,0
889,674,58,196148.6140994251,2,0,1,126623.9942021863,3,0
890,503,52,97850.06075871905,2,0,0,102918.76655119634,4,0
891,794,37,34956.76717412824,2,1,1,91325.78545701891,5,0
892,632,88,166693.03277228607,3,1,1,100181.15882851387,8,0
893,367,78,185391.62613138207,1,1,1,140335.50453850417,9,1
894,821,59,210766.53427368272,2,1,1,46531.504424188315,6,0
895,803,65,82414.37704737886,3,1,1,41673.05916364229,4,0
896,449,22,149049.8466128743,2,0,0,77982.07880432456,4,0
897,718,79,105473.61734535318,1,0,0,67561.21114912,5,0
898,711,25,191234.7435894757,3,1,0,79359.5215011464,5,0
899,506,24,170294.795973104,2,0,0,83472.23846496221,5,0
900,719,31,156461.26244497538,3,1,1,30947.913978209894,9,0
901,734,55,63918.78366702958,1,1,0,85004.51631104545,1,0
902,604,32,123194.37067764574,1,0,1,100440.7280870234,9,0
903,573,84,177103.31813707476,1,0,1,128717.90677536224,1,1
904,430,54,86075.34898977881,4,1,1,101938.52607208236,2,0
905,726,63,107394.92157408695,1,1,1,107831.17692701315,2,1
906,547,58,7419.351733715468,3,1,1,105271.6999233745,3,0
907,582,89,148658.07625652876,3,1,0,32691.03690245376,1,0
908,348,62,116642.83830552358,4,0,0,34387.04403639954,8,0
909,846,20,41282.61446476589,4,1,1,108892.90878767878,4,0
910,444,21,150066.2936392675,1,1,0,149533.06520796567,5,0
911,810,69,109026.35750855958,1,0,0,29560.264594181957,5,0
912,534,38,20505.62117952859,3,1,1,25573.693707910697,5,0
913,764,77,204542.6599916845,3,0,0,81165.5252341433,3,0
914,570,81,45043.67125776385,2,0,0,70883.25478352583,3,0
915,495,18,110126.42549627779,4,0,0,85513.11588479568,7,0
916,573,28,142184.83310214255,2,1,1,145715.7077723207,6,0
917,761,33,32723.295327811626,4,0,0,96233.5678936401,1,0
918,426,34,65573.40663511654,1,1,0,66596.7827483662,8,0
919,711,74,102303.16978014736,1,1,0,123123.08253055431,5,0
920,659,74,150467.6746213263,1,0,0,42695.43267889524,9,0
921,728,60,115728.42350163795,3,1,1,138227.4896221864,4,0
922,700,19,22714.065684768968,4,1,1,38158.75765652995,9,0
923,827,73,61194.80820191719,3,1,0,123785.7501155085,1,0
924,431,33,46781.06413276206,4,0,0,56580.85567816559,6,0
925,523,34,6481.944072505269,1,1,0,87798.08898228128,5,0
926,379,22,102993.75416589068,4,1,0,69499.44321585959,9,0
927,590,33,48221.24787620446,3,0,1,98402.27152337243,8,0
928,654,73,40248.050467686924,2,1,0,41954.94320554381,5,0
929,350,58,162831.21256483253,2,0,0,55846.55598893221,7,0
930,777,33,115749.43736037829,1,1,1,72319.10849669488,6,0
931,835,65,51532.202254949894,1,1,0,104566.48771076136,5,0
932,311,65,77122.27974317253,2,0,1,121263.60118520133,8,0
933,599,18,126785.55853833149,4,0,1,80081.05659149842,9,0
934,809,28,66314.68439539833,4,1,1,66080.56090344036,4,0
935,394,36,129019.5566393948,1,1,0,83141.78517198624,5,0
936,726,39,23457.80514052123,3,1,1,96391.21207958799,1,0
937,710,83,249212.0424098787,2,1,0,115613.82732036205,8,0
938,455,77,115285.38103501989,2,1,0,57337.571575126385,2,1
939,566,63,17126.76141319447,1,1,0,76256.02187233156,7,1
940,508,29,55365.251556437564,2,1,0,90447.47098261015,6,0
941,601,87,136835.52529793285,4,1,1,30468.842865950857,4,0
942,303,73,146014.1429209687,4,1,0,24438.2378395142,1,1
943,603,33,21717.232317619408,2,0,1,138145.34082984645,2,0
944,320,83,226391.39701642282,2,1,0,29290.285143817557,7,0
945,791,79,56231.70706738442,1,0,1,83923.60202599279,9,0
946,313,44,112317.51346482962,2,0,1,117372.6655276978,3,0
947,660,33,166222.93499665288,3,1,0,50345.9925008049,3,0
948,353,44,156896.3966328278,4,0,1,85041.25387826817,6,0
949,825,78,86702.84063498293,2,1,0,26112.647917689148,5,0
950,538,87,156445.65707202294,4,1,1,119114.04506411547,3,0
951,841,75,188392.96076300426,2,1,1,137866.96248783404,5,0
952,687,26,50800.527253636705,2,0,0,27312.60582643772,4,0
953,551,77,69984.31316729178,1,1,1,130531.92134336676,6,0
954,339,77,2676.4055308715897,2,1,1,69361.48664114534,8,1
955,532,24,62393.86545362055,4,1,0,139628.24892888247,1,0
956,691,57,197613.72614410208,1,0,0,68535.94957084872,1,0
957,555,30,209231.88354397446,2,1,1,88967.55250695585,5,0
958,367,83,31185.97219809402,1,0,1,53222.70270113338,4,1
959,345,42,160284.11706829056,4,1,0,68513.21358246366,7,0
960,686,89,29947.470004014183,3,0,1,59380.29262459801,7,0
961,588,27,90164.42178222208,1,0,1,95377.79428013989,4,0
962,387,32,157068.71680052887,3,0,0,130067.86447490388,5,0
963,677,84,222666.5593122738,3,0,1,81325.4010312707,6,0
964,507,44,219863.14451809454,2,1,1,143686.45763912058,8,0
965,607,33,120745.47136801928,3,1,0,99417.2863340139,9,0
966,700,72,2953.055816760558,3,1,0,53914.20858490349,7,0
967,689,53,227048.4029401654,4,0,0,117827.44361869492,5,0
968,480,34,178603.32779580815,2,0,0,101986.35151902447,4,0
969,502,33,226770.62274153807,2,0,1,144443.2633733565,3,0
970,377,67,117003.52529100288,4,0,0,35850.760750430876,7,0
971,837,66,214719.9162215026,2,0,1,69389.99491301546,8,0
972,342,25,154596.4116051318,2,1,1,105277.72726515014,3,0
973,547,23,151039.34419055114,3,0,0,103507.81796761492,2,0
974,699,64,196435.26671435026,4,0,1,110723.4234406955,3,0
975,434,32,238064.72888276255,3,0,0,144862.9425382687,6,0
976,719,19,19945.03759930019,2,1,1,59213.30127302784,8,0
977,673,51,47797.46269431681,2,1,1,91241.54737044494,2,0
978,543,53,79438.14125967927,4,1,1,86447.22723295199,7,0
979,578,77,78617.11165645871,3,1,1,77861.34267111278,6,0
980,738,68,131126.75697462788,1,1,0,102405.54550357925,7,0
981,830,51,135450.11979674318,1,0,1,43542.7408862264,1,0
982,644,42,234399.78632520634,4,0,1,49481.751171038995,2,0
983,827,53,95769.81913176966,4,0,0,140692.4083370362,8,0
984,582,51,144733.22281457906,1,1,1,112033.05678891939,5,0
985,795,22,100497.97583048248,2,0,0,103605.55915539115,4,0
986,480,36,91015.62974210441,4,1,0,61096.97643469049,2,0
987,347,22,17226.032042009952,3,1,0,44295.34326216177,9,0
988,584,24,73653.83661152511,4,1,0,103621.88261151945,1,0
989,528,56,237925.3836295251,2,0,1,29945.344093715008,1,0
990,663,35,14930.2002395445,1,1,0,149806.33407745877,2,1
991,824,67,12888.527098461971,3,0,0,125111.12573027676,4,0
992,710,52,218884.66010050382,4,0,0,108546.37754226247,5,0
993,679,69,205093.4192969687,2,0,1,122782.20536174647,2,0
994,644,29,208286.33792596852,4,0,1,85146.6438043839,4,0
995,626,51,162497.59095020365,1,1,0,79662.62102547855,7,0
996,411,31,229268.19611861714,1,0,0,25377.62006088391,9,0
997,684,78,203886.95120558533,4,0,0,72099.88793519905,1,0
998,764,60,115112.7879244772,2,0,0,58861.760061429144,6,0
999,765,62,97944.28635119,3,1,1,86013.30525883724,1,0
1000,797,54,205824.653853536,2,0,0,25537.924756731467,9,0
